_name,_gtfs_id,Address,HandicapAccessible,Escalator_Access,TTYPhone_Access,MiniHighs_Access,Elevator_Access,MobileLift_Access,Ramp_Access,ParkingType,Operator ,RT/CR,Line,ParkingRate,SpacesAvailable,AccessibleParkingSpaces,AverageSpacesAvailable,BikeSpaces,ManagedByEmail,ManagedByLabel,ManagedByPhone,ManagedByWeb,AdditionalNotes,Photo1,Photo2,Area_Map,Comments
23 Dry Dock Avenue,30250,21 Dry Dock Avenue,Yes,None,No,No,No,No,No,,,,,,,,,,,,,,,,,,
306 Northern Avenue,30294,306 Northern Avenue,Yes,None,No,No,No,No,No,,,,,,,,,,,,,,,,,,
88 Black Falcon Avenue,31258,88 Black Falcon Avenue,Yes,None,No,No,No,No,No,,,,,,,,,,,,,,,,,,
Abington,Abington,"231 Centre Ave Abington, MA 02351-2278",Yes,,,,,,,Unattended Lot ,MBTA,Commuter Rail,Kingston/Plymouth,$4.00,405,9,54%,8,,Republic Parking System ,,www.republicparking.com,For train information at Abington Station tune to 1630 AM,,,,
Airport,place-aport,"Intersection of Airport access road and Porter Street, East Boston.",Yes,Both,Yes,No,Yes,No,No,,,,,,,None,,0,,,,,,airsta1_600x430.jpg,Airport002.jpg,loganmap.gif,
Alewife,place-alfcl,"Intersection of Alewife Brook Parkway and Cambridge Park Drive, Cambridge.",Yes,Both,Yes,No,Yes,No,Yes,Garage,MBTA,Rapid Transit,RedLine ,$7.00/day. $8.00/overnight,2733,24,<5%,174,,Republic Parking System ,(617) 222-3200,www.republicparking.com,,alewife001.jpg,alewife002.jpg,alewifemap.gif,
Allston,place-alsgr,Commonwealth Avenue and Allston Street.,No,None,No,No,No,No,No,,,,,,,None,,0,,,,,,AllstonSt001.jpg,AllstonSt002.jpg,allstonmap.gif,
Anderson/Woburn,Anderson/ Woburn,"Atlantic Ave & Commerce Way Woburn, MA 01801-1082",Yes,,,,,,,Garage,,,,$7.00/Daily,2000,24,40%,0,,Massport ,(617) 222-3200,www.massport.com,For train information at Anderson/Woburn Station tune to 1630 AM,,,,Owned and operated by Massport. Overnight parking is available.
Andover,Andover,"17 Railroad St Andover, MA 01810-3516",Yes,,,,,,,Unattended Lot ,MBTA,Rapid Transit,RedLine ,$4.00,150,4,<43%,6,,Republic Parking System ,(617) 222-3200,www.republicparking.com,For train information at Andover Station tune to 1630 AM,,,,
Andrew,place-andrw,"Dorchester Avenue & Southhampton Street, South Boston, MA 02127",Yes,Up,No,No,Yes,No,No,,,,,,Street or Private Parking Only,None,,0,,,,,,andrewphoto.gif,,andrewmap.gif,
Aquarium,place-aqucl,"Front of Dockside Restaurant & Bar, 183 State Street, Downtown Boston.",Yes,Up,Yes,No,Yes,No,No,,,,,,,None,,0,,,,,,Aquarium001.jpg,Aquarium002.jpg,aquariummap.gif,
Arlington,place-armnl,"300 Boylston Street at 20 Arlington Street, Boston.",Yes,None,No,No,Yes,Yes,Yes,,,,,,,No Station Parking,,0,,,,,,Arlington001.jpg,Arlington002.jpg,arlingtonmap.gif,
Ashland,Ashland,On Pleasant Street next to the restaurant off of Route 135 - west of Ashland High School,Yes,,,,,,,Unattended Lot ,MBTA,Commuter Rail,Framingham/Worcester,$4.00,678,16,68%,0,,Republic Parking System ,(617) 222-3200,www.republicparking.com,For train information at Ashland Station tune to 1630 AM,,,,
Ashmont,place-asmnl,"1900 Dorchester Avenue at 200 Ashmont Street, Dorchester.",Yes,Up,No,No,Yes,Yes,Yes,,,,,None,,None,,8,,,,,,ashmount001.jpg,ashmount002.jpg,ashmontmap.gif,
Assembly,place-astao,"499 Foley St, Somerville, MA 02145",Yes,None,No,No,Yes,No,No,,,,,,,,,,,,,,The north entrance and north headhouse are the entrance and exit to and from the platform. The south entrance and south headhouse are still under construction and are to be used for emergency egress only.,,,,
Attleboro,Attleboro,"75 S Main St Attleboro, MA 02703-2906",Yes,,,,,,,Honor Box Payment or ParkMobile,,,,$4.00,780,16,,28,customercomments@gatra.org,Greater Attleboro/Taunton RTA,(508) 823-8828 ext. 275,www.gatra.org,For train information at Attleboro Station tune to 1640 AM,,,,
Auburndale,Auburndale,"477 Lexington St Auburndale, MA 02466-1906",N/A,,,,,,,Unattended Lot ,MBTA,Commuter Rail,Framingham/Worcester,$4.00,35,2,,0,,Republic Parking System ,(617) 222-3200,www.republicparking.com,,,,,
Ayer,Ayer,"70 Main St Ayer, MA 01432-1337",No,,,,,,,Surface Lot,,,,Free Parking,30,None,,0,,Town of Ayer,,www.ayer.ma.us,,,,,"Town of Ayer is responsible for parking lot snow removal and maintenance. Please contact MBTA Customer Service regarding platform snow removal, cleanliness and maintenance issues."
Babcock,place-babck,"Commonwealth Avenue and Babcock Street, Boston.",No,None,No,No,No,No,No,,,,,,,None,,0,,,,,,BabcockSt001.jpg,BabcockSt002.jpg,babcockmap.gif,
Back Bay,place-bbsta,"145 Dartmouth St Boston, MA 02116-5162",Yes,Up,Yes,No,Yes,No,No,,,,,,None,None,,40,,,,,,,,,"Also servicing the <a href=""/traveling_t/schedules_subway_orangeline.asp"">Orange Line</a>
No MBTA parking.  Street or private parking may exist."
Back of the Hill,place-bckhl,South Huntington Avenue at Back of the Hill.,No,None,No,No,No,No,No,,,,,,,None,,0,,,,,,Back of the Hill001.jpg,,backofthehillmap.gif,
Ballardvale,Ballardvale,"195 Andover St Andover, MA 01810-5638",Yes,,,,,,,Unattended Lot ,MBTA,Commuter Rail,Haverhill,$4.00,115,2,43%,9,,Republic Parking System ,(617) 222-3200,www.republicparking.com,For train information at Ballardvale Station tune to 1640 AM,,,,
Beachmont,place-bmmnl,"630 Winthrop Avenue at 1 Bennington Street, Revere.",Yes,Down,Yes,No,Yes,No,No,Attended Lot ,MBTA,Rapid Transit,BlueLine,$5.00,430,6,43%,6,,Republic Parking System ,(617) 222-3200,www.republicparking.com,,Beachmont001.jpg,Beachmont002.jpg,beachmontmap.gif,
Beaconsfield,place-bcnfd,"Off Dean Road south of Beacon Street.  Also accessible from Beaconsfield Path, Brookline.",No,None,No,No,No,No,No,,,,,,,None,,8,,,,,,beacons feild001.jpg,beacons feild002.jpg,beaconsfieldmap.gif,
Bellevue,Bellevue,"35 Colbert St West Roxbury, MA 02132-1239",Yes,,,,,,,Unattended Lot ,MBTA,Commuter Rail,Needham ,$4.00,37,2,66%,8,,Republic Parking System ,(617) 222-3200,www.republicparking.com,,,,,
Belmont Center,Belmont,"Common St & Concord Ave Belmont, MA 02478",No,,,,,,,,,,,,None,None,,8,,,,,,,,,
Beverly Depot,Beverly,"100 Rantoul Street, Beverly MA 01915",Yes,,,,,,,Garage,MBTA,Commuter Rail,Newburyport/Rockport,<br />$5.00 for the first 14 hours<br />$12.00 after 14 hours<br />$12.00 each additional day,500,11,,0,,Republic Parking System ,(617) 222-3200,www.republicparking.com,,,,,
Beverly Farms,Beverly Farms,"1 Oak St Beverly, MA 01915-2205",Yes,,,,,,,Free Parking,,,,,25,1,,7,,Town of Beverly,978-921-6053,www.beverlyma.gov/departments/public-services/,,,,,"Please contact MBTA Customer Service regarding platform snow removal, cleanliness and maintenance issues."
Black Falcon Ave & Design Center Place,31255,Black Falcon Ave & Design Center Place,Yes,None,No,No,No,No,No,,,,,,,,,,,,,,,,,,
Blandford,place-bland,"Commonwealth Avenue and Sherborn Street, Boston.",No,None,No,No,No,No,No,,,,,,,None,,0,,,,,,BlandfordSt001.jpg,BlandfordSt002.jpg,blandfordmap.gif,
Boston College,place-lake,Commonwealth Avenue and Lake Street.,Yes,None,No,Yes,No,No,No,,,,,,,None,,0,,,,,,BostonCollege001.jpg,BostonCollege002.jpg,bucentralmap.gif,
Boston Landing,Boston Landing,"100 Arthur St, Boston, MA 02134",,,,,,,,,,,,,,N/A,,,,,,,,,,,
Boston University Central,place-bucen,"Commonwealth Avenue and Marsh Chapel (BU), Boston.",Yes,None,No,Yes,No,Yes,No,,,,,,,None,,0,,,,,,BU_Central001.jpg,BU_Central002.jpg,bosunivcentralmap.gif,
Boston University East,place-buest,"Commonwealth Avenue near Granby Street, Boston.",Yes,None,No,No,No,Yes,No,,,,,,,None,,0,,,,,,BU_East001.jpg,BU_East002.jpg,bosuniveastmap.gif,
Boston University West,place-buwst,"Commonwealth Avenue near Amory Street, Boston.",No,None,No,No,No,No,No,,,,,,,None,,0,,,,,,BU_West001.jpg,BU_West002.jpg,bosunivwestmap.gif,
Bowdoin,place-bomnl,"Cambridge Street at New Chardon Street and Bowdoin Street, Downtown Boston.",No,Up,No,No,No,No,No,,,,,,,None,,0,,,,,,Bowdoin001.jpg,Bowdoin002.jpg,bowdoinmap.gif,
Boylston,place-boyls,Corner of Boylston Street and Tremont Street.,No,None,No,No,No,No,No,,,,,,,None,,0,,,,,,boylstonphoto.gif,,boylstonmap.gif,
Bradford,Bradford,"10 Railroad Ave Bradford, MA 01835-7229",Yes,,,,,,,Unattended Lot ,MBTA,Commuter Rail,Haverhill,$4.00,303,9,78%,12,,Republic Parking System ,(617) 222-3200,www.republicparking.com,For train information at Bradford Station tune to 1630 AM,,,,
Braintree,place-brntn,"197 Ivory St Braintree, MA 02184-7139",Yes,Both,Yes,No,Yes,No,Yes,Garage ,MBTA,Commuter Rail,Kingston/Plymouth,$7.00/day. $8.00/overnight,1322,22,<1%,30,,Republic Parking System ,(617) 222-3200,www.republicparking.com,,Braintree001.jpg,Braintree002.jpg,braintreemap.gif,
Brandeis/Roberts,Brandeis/ Roberts,"1 Sawyer Rd Waltham, MA 02453-3427",Yes,,,,,,,Unattended Lot ,MBTA,Commuter Rail,Fitchburg,$4.00,24,1,86%,8,,Republic Parking System ,(617) 222-3200,www.republicparking.com,For train information at Brandeis/Roberts Station tune to 1630 AM,,,,
Brandon,place-bndhl,,No,,,,,,,,,,,,N/A,N/A,,,,,,,,,,,
Brandon Hall,place-bndhl,"1477-1485 Beacon Street, across from Brandon Hall.",No,None,No,No,No,No,No,,,,,,,None,,0,,,,,,BrandonHall001.jpg,BrandonHall002.jpg,brandonhallmap.gif,
Bridgewater,Bridgewater,"85 Burrill Ave Bridgewater, MA 02324-2727",Yes,,,,,,,Unattended Lot ,MBTA,Commuter Rail,Middleborough/Lakeville ,$4.00,504,10,63%,24,,Republic Parking System ,(617) 222-3200,www.republicparking.com,For train information at Bridgewater Station tune to 1630 AM,,,,
Brigham Circle,place-brmnl,"Huntington Avenue and Francis Street, Boston.",Yes,None,No,No,No,Yes,No,,,,,,,None,,0,,,,,,BrighamCircle001.jpg,BrighamCircle002.jpg,brighammap.gif,
Broadway,place-brdwy,"Intersection of Dorchester Avenue and Broadway, South Boston.",Yes,Up,No,No,Yes,No,No,,,,,,,None,,0,,,,,,broadway001.jpg,broadway002.jpg,broadway.gif,
Brockton,Brockton,"7 Commercial St Brockton, MA 02302-2702",Yes,,,,,,,Surface Lot,,,,$3.00 per day or $2 per day with Smart Card,266,10,,8,,Brockton Area Transit Authority (BAT),,www.ridebat.com,For train information at Brockton Station tune to 1500 AM,,,,"Brockton Area Transit Authority (BAT) is responsible for parking lot snow removal, maintenance and fee collection. Please contact MBTA Customer Service regarding platform snow removal, cleanliness and maintenance issues."
Brookline Hills,place-brkhl,"Next to Brookline High School near Cypress and Tappan Streets, Brookline.",Yes,None,No,Yes,No,No,No,,,,,,,None,,6,,,,,,BrooklineHills001.jpg,BrooklineHills002.jpg,brooklinehillsmap.gif,
Brookline Village,place-bvmnl,"On Station Street off Harvard Street between Route 9 and Washington Street, next to Hearthstone Plaza, Brookline.",Yes,None,No,Yes,No,No,No,,,,,,,None,,15,,,,,,bklnvil.gif,,brooklinevillagemap.gif,
Butler,place-butlr,"Butler Street and Branchfield Street, off Adams Street, Dorchester, MA 02124",Yes,None,No,Yes,No,No,No,Unattended Lot ,MBTA,Rapid Transit,RedLine ,$4.00 daily  $70.00/Month,44,None,85%,0,,Republic Parking System ,(617) 222-3200,www.republicparking.com,,butler001.jpg,butler002.jpg,butlermap.gif,
Campello,Campello,"30 Riverside Ave Brockton, MA 02301-6811",Yes,,,,,,,Unattended Lot ,MBTA,Commuter Rail,Middleborough/Lakeville ,$4.00 daily    $70.00/Month,535,11,79%,8,,Republic Parking System ,(617) 222-3200,www.republicparking.com,For train information at Campello Station tune to 1630 AM,,,,
Canton Center,Canton Center,"710 Washington St Canton, MA 02021-3036",Yes,,,,,,,Unattended Lot ,MBTA,Commuter Rail,Providence/Stoughton,$4.00,215,4,<48%,10,,Republic Parking System ,(617) 222-3200,www.republicparking.com,For train information at Canton Center Station tune to 1700 AM,,,,
Canton Junction,Canton Junction,"Beaumont St & Sherman St Canton, MA 02021",Yes,,,,,,,Unattended Lot ,MBTA,Commuter Rail,Providence/Stoughton,$4.00,764,14,<43%,0,,Republic Parking System ,(617) 222-3200,www.republicparking.com,For train information at Canton Junction Station tune to 1700 AM,,,,
Capen,place-capst,"Capen Street off Eliot Street, Milton.",Yes,None,No,Yes,No,No,No,,,,,,,None,,0,,,,,,capen street001.jpg,capen street002.jpg,capenstmap.gif,
Cedar Grove,place-cedgr,"Adams Street and Milton Street, Dorchester.",Yes,None,No,Yes,No,No,No,,,,,,,None,,0,,,,,,CedarGrove001.jpg,CedarGrove002.jpg,cedargrovemap.gif,
Central Avenue,place-cenav,"Central Avenue off Elliot Street, Milton.",Yes,None,No,Yes,No,No,No,,,,,,,None,,0,,,,,,CentralAve001.jpg,CentralAve002.jpg,centralmap.gif,
Central Square,place-cntsq,"Central Square, Cambridge, intersection of Massachusetts Avenue and Western Avenue, Prospect Street, and Magazine Street.",Yes,Up,No,No,Yes,No,No,,,,,,,None,,36,,,,,,CENTRAL-SQUARE001.jpg,,centralsquaremap.gif,
Charles/MGH,place-chmnl,"MGH at Charles Circle, Boston, intersection of Cambridge Street and Charles Street near Massachusetts General Hospital.",Yes,Both,No,No,Yes,No,No,,,,,,,None,,0,,,,,,Charles-Street001.jpg,Charles-Street002.jpg,charles_mghmap.gif,
Charlestown Navy Yard Ferry Terminal,Boat-Charlestown,"Pier 3, Boston, MA 02129",Yes,,,,,No,Yes,,,,,,,N/A,,,,,,,,,,,
Chelsea,Chelsea,"Arlington St & 6th St Chelsea, MA 02150",No,,,,,,,,,,,,None,None,,0,,MBTA,,www.mbta.com/customer_support,,,,,"Please contact MBTA Customer Service regarding platform snow removal, cleanliness and maintenance issues."
Chestnut Hill,place-chhil,"Near the intersection of Hammond Street and Boylston Street (Route 9).Newton, MA 02467",No,,,,,,,Unattended Lot ,MBTA,Rapid Transit,GreenLine_D,$6.00 daily,70,None,<1%,8,,Republic Parking System ,(617) 222-3200,www.republicparking.com,,,,,
Chestnut Hill Avenue,place-chill,Commonwealth Avenue and Chestnut Hill Avenue.,No,None,No,No,No,No,No,,,,,,,None,,0,,,,,,ChestnutHillAve001.jpg,ChestnutHillAve002.jpg,chesnuthillmap.gif,
Chestnut Hill D Riverside Line,place-chhil,Near the intersection of Hammond Street and Boylston Street (Route 9).,No,None,No,No,No,No,No,,,,,$3.00,70,3,,8,,,,,,ChestnutHill001.jpg,ChestnutHill002.jpg,chestnuthillmap.gif,
Chinatown,place-chncl,"640 Washington Street at 1 Boylston Street, Boston.",Yes,None,No,No,Yes,No,No,,,,,,,None,,0,,,,,,Chinatown001.jpg,Chinatown002.jpg,chinatownmap.gif,
Chiswick Road,place-chswk,Commonwealth Avenue and Chiswick Road.,No,None,No,No,No,No,No,,,,,,,None,,0,,,,,,Chiswickrd001.jpg,Chiswickrd002.jpg,chismap.gif,
Cleveland Circle,place-clmnl,"Beacon Street and Chestnut Hill Avenue, Brighton.",Yes,None,No,No,No,Yes,No,,,,,,,None,,10,,,,,,ClevelandCir001.jpg,ClevelandCir002.jpg,clevecirclemap.gif,
Cohasset,Cohasset,"110 Chief Justice Cushing Hwy, Cohasset, MA",Yes,,,,,,,Unattended Lot ,MBTA,Commuter Rail,Greenbush,$4.00,410,10,71%,,,Republic Parking System ,(617) 222-3200,www.republicparking.com,For train information at Cohasset Station tune to 1630 AM,,,,
Community College,place-ccmnl,"Austin Street, west of Rutherford Avenue, Charlestown.",Yes,Up,No,No,Yes,No,No,,,,,,,None,,5,,,,,,CommunityCollege001.jpg,CommunityCollege002.jpg,commcollegemap.gif,
Concord,Concord,"90 Thoreau St Concord, MA 01742-2408",No,,,,,,,Surface Lot ,,,,Free,86,2,,10,,Town of Concord,,www.concordnet.org,For train information at Concord Station tune to 1630 AM,,,,"Town of Concord is responsible for parking lot maintenance. Please contact MBTA Customer Service regarding platform snow removal, cleanliness and maintenance issues."
Coolidge Corner,place-cool,"Beacon Street and Harvard Street, Brookline.",Yes,None,No,No,No,Yes,No,,,,,,,None,,20,,,,,,Coolidgecorner001.jpg,Coolidgecorner002.jpg,coolidgemap.gif,
Copley,place-coecl,"640 Boylston Street at 230 Dartmouth Street, Boston.",Yes,Up,No,No,Yes,Yes,No,,,,,,,None,,0,,,,,,Copley001.jpg,Copley002.jpg,copleymap.gif,
Courthouse,place-crtst,"Seaport Boulevard at Pittsburg Street, South Boston Waterfront.",Yes,Both,No,No,Yes,No,No,,,,,,,None,,0,,,,,,,,,
Davis,place-davis,"Intersection of College Avenue, Elm Street, and Holland Street, Somerville.",Yes,Both,No,No,Yes,No,No,,,,,,,None,,165,,,,,,davisphoto.gif,davisstation.gif,davismap.gif,
Dean Road,place-denrd,"Beacon Street and Dean Road, Brookline.",No,None,No,No,No,No,No,,,,,,,None,,0,,,,,,,,deanrdmap.gif,
Dedham Corporate,Dedham Corp Center,"125 Allied Dr Dedham, MA 02026-6100",Yes,,,,,,,Unattended Lot ,MBTA,Commuter Rail,Franklin,$4.00,497,11,75%,0,,Republic Parking System ,(617) 222-3200,www.republicparking.com,For train information at Dedham Corporate Station tune to 1630 AM,,,,"LAZ Parking is responsible for parking fee collection. Please contact MBTA Customer Service regarding platform snow removal, cleanliness and maintenance issues."
Design Center,place-mlmnl,,Yes,None,No,No,No,No,No,,,,,,,N/A,,,,N/A,,,,,,,
Downtown Crossing,place-dwnxg,"Corner of Washington Street and Summer Street and the corner of Chauncey Street and Summer Street, Downtown Boston.",Yes,Up,Yes,No,Yes,No,No,,,,,,,None,,0,,,,,,,,downtownmap.gif,
Dudley Square,64000,"Washington St at Dudley St, Roxbury",Yes,None,No,No,No,No,No,,,,,,,None,,0,,,,,,,,,
East Berkeley St,36539,"Washington St at East Berkeley St, Boston",Yes,None,No,No,No,No,No,,,,,,,None,,2,,,,,,,,,
East Weymouth,East Weymouth,"1590 Commercial St, East Weymouth MA, 02189",Yes,,,,,,,Unattended Lot ,MBTA,Commuter Rail,Greenbush,$4.00,335,8,<41%,,,Republic Parking System ,(617) 222-3200,www.republicparking.com,,,,,
Eliot,place-eliot,"Route 9, near corner of Woodward Street. Auto access from Lincoln Street off Woodward, Newton 02461",No,None,No,No,No,No,No,Unattended Lot ,MBTA,Rapid Transit,GreenLine_D,$6.00 daily,55,None,<1%,8,,Republic Parking System ,(617) 222-3200,www.republicparking.com,,Elliot001.jpg,Elliot002.jpg,eliotmap.gif,
Endicott,Endicott,"186 Grant Ave Dedham, MA 02026-5036",No,,,,,,,Surface Lot ,,,,Free,45,None,,0,,Town of Dedham,,www.dedham-ma.gov,,,,,"Town of Dedham is responsible for parking lot maintenance. Please contact MBTA Customer Service regarding platform snow removal, cleanliness and maintenance issues."
Englewood Avenue,place-engav,"Beacon Street and Englewood Avenue, Brookline.",No,None,No,No,No,No,No,,,,,,,None,,0,,,,,,EnglewoodAve001.jpg,EnglewoodAve002.jpg,englewoodmap.gif,
Fairbanks,place-fbkst,"Beacon Street and Fairbanks Avenue, Brookline.",No,None,No,No,No,No,No,,,,,,,None,,0,,,,,,Fairbanks001.jpg,Fairbanks002.jpg,fairbanksmap.gif,
Fairmount,Fairmount,"Fairmount Ave & Truman Hwy Hyde Park, MA 02136",Yes,,,,,,,Unattended Lot ,MBTA,Commuter Rail,Fairmont,$4.00 daily      $70.00/Month,51,None,81%,20,,Republic Parking System ,(617) 222-3200,www.republicparking.com,,,,,
Fenway,place-fenwy,"At park Drive across from intersection with the Riverway, next to old Sears Roebuck Building, Boston",Yes,None,No,Yes,No,Yes,Yes,,,,,,,None,,18,,,,,,fenway.gif,,fenwaymap,
Fenwood Road,place-fenwd,"Huntington Avenue and Fenwood Road, Boston.",No,None,No,No,No,No,No,,,,,,,None,,0,,,,,,Fenwood001.jpg,Fenwood002.jpg,fenwoodmap.gif,
Fields Corner,place-fldcr,"West of Dorchester Avenue, near Park Street. Access from Charles Street, Dorchester Avenue and Geneva Avenue, Dorchester.",Yes,Both,No,No,Yes,No,No,,,,,,,None,,0,,,,,,FieldsCorner001.jpg,FieldsCorner002.jpg,fieldscornermap.gif,
Fitchburg,Fitchburg,"100 Main St Fitchburg, MA 01420-7805",Yes,,,,,,,Garage,,,,Daily Parking $3.00; Monthly Parking $50.00,400,6,,20,info@montachusettrta.org,Montachusett RTA,(978) 345-7711,www.mrta.us/,For train information at Fitchburg Station tune to 1630 AM,,,,
Fordham Road,place-fenwd,Commonwealth Avenue and Fordham Road.,No,None,Yes,Yes,Yes,Yes,Yes,,,,,,,None,,0,,,,,,FordhamRd001.jpg,FordhamRd002.jpg,fordmap.gif,
Fore River Shipyard Ferry Terminal,Logan-Dock,"703 Washington St. Quincy, MA 02169",Yes,,,,,No,Yes,,,,,,,,,,,,,,,,,,
Forest Hills,place-forhl,"Washington St & Hyde Park Ave Jamaica Plain, MA 02130, US",Yes,Both,Yes,No,Yes,No,No,Attended Lot ,MBTA,Commuter Rail,Needham ,$6.00,156,5,<1%,32,,Republic Parking System ,(617) 222-3200,www.republicparking.com,,Foresthills001.jpg,Foresthills002.jpg,foresthillmap.gif,"Also servicing the <a href=""/traveling_t/schedules_subway_orangeline.asp"">Orange Line</a>"
Forge Park/Route 495,Forge Park / 495,"1000 W Central St Franklin, MA 02038-3108",Yes,,,,,,,Unattended Lot ,MBTA,Commuter Rail,Franklin,$4.00,716,15,<44%,14,,Republic Parking System ,(617) 222-3200,www.republicparking.com,For train information at Forge Park/Route 495 Station tune to 1630 AM,,,,
Four Corners,Four Corners / Geneva,,,,,,,,,Unattended Lot ,MBTA,Commuter Rail,Franklin,,,,,20,,,,,,,,,
Foxboro,Southborough,N/A,N/A,,,,,,,Only used for events at Gillette Stadium.,,,,,,N/A,,0,,,,,,,,,Only used for events at Gillette Stadium.
Framingham,Framingham,"417 Waverly St Framingham, MA 01702",Yes,,,,,,,,,,,$4.00,166,8,<28%,10,,Republic Parking System ,(617) 222-3200,www.republicparking.com,For train information at Framingham Station tune to 1640 AM,,,,
Franklin,Franklin,"75 Depot St Franklin, MA 02038-1939",No,,,,,,,,,,,$4.00,173,3,<16%,7,,Republic Parking System ,(617) 222-3200,www.republicparking.com,For train information at Franklin Station tune to 1630 AM,,,,
George's Island,Boat-George,George's Island,Yes,,,,,No,Yes,,,,,,,,,,,,,,,,,,
Gloucester,Gloucester,"75 Railroad Ave Gloucester, MA 01930-3540",Yes,,,,,,,Unattended Lot ,MBTA,Commuter Rail,Newburyport/Rockport,$4.00,100,2,77%,5,,Republic Parking System ,(617) 222-3200,www.republicparking.com,For train information at Gloucester Station tune to 1630 AM,,,,
Government Center,place-gover,"By Boston City Hall at the junction of Tremont, Court, and CambridgeStreet, Downtown Boston.  Free transfer to Blue Line.",Yes,Up,No,No,Yes,Yes,No,,,,,,,None,,0,,,,,,GovernmentCtr001.jpg,gov_center.jpg,govcentermap.gif,
Grafton,Grafton,"1 Pine St North Grafton, MA 01536-1856",Yes,,,,,,,Unattended Lot ,MBTA,Commuter Rail,Framingham/Worcester,$4.00,373,5,51%,8,,Republic Parking System ,(617) 222-3200,www.republicparking.com,For train information at Grafton Station tune to 1630 AM,,,,
Green,place-grnst,150 Green Street at 380 Amory Street/Jamaica Plain.,Yes,Up,No,No,Yes,No,No,,,,,,,None,,22,,,,,,GreenSt001.jpg,GreenSt002.jpg,greenstmap.gif,
Greenbush,Greenbush,"247 Old Drifway (Driftway & Stockbridge Rd) Scituate, MA",Yes,,,,,,,Unattended Lot ,MBTA,Commuter Rail,Greenbush,$4.00,995,22,79%,,,Republic Parking System ,(617) 222-3200,www.republicparking.com,For train information at Greenbush Station tune to 1630 AM,,,,
Greenwood,Greenwood,"907 Main St Wakefield, MA 01880-3933",No,,,,,,,Credit and Coin Only ,,,,$2.00,76,1,,6,,Town of Wakefield,,www.wakefield.ma.us,,,,,"Town of Wakefield is responsible for parking lot snow removal, maintenance and fee collection. Please contact MBTA Customer Service regarding station and platform snow removal, cleanliness and maintenance issues."
Greycliff Road,place-valrd,Commonwealth Avenue and Greycliff Road.,No,None,Yes,Yes,Yes,Yes,Yes,,,,,,,None,,0,,,,,,Greycliff001.jpg,Greycliff002.jpg,greycliffmap.gif,
Griggs/Long Avenue,place-grigg,Commonwealth Avenue and Griggs Street.,No,None,No,No,No,No,No,,,,,,,None,,0,,,,,,Griggs_Long001.jpg,Griggs_Long002.jpg,griggsmap.gif,
Halifax,Halifax,"6 Garden Rd Halifax, MA 02338-1020",Yes,,,,,,,Unattended Lot ,MBTA,Commuter Rail,Kingston/Plymouth,$4.00 daily     $70.00/Month,402,10,57%,8,,Republic Parking System ,(617) 222-3200,www.republicparking.com,For train information at Halifax Station tune to 1630 AM,,,,
Hamilton/Wenham,Hamilton/ Wenham,"Bay Rd & Walnut Rd Hamilton, MA 01982",Yes,,,,,,,Unattended Lot ,MBTA,Commuter Rail,Newburyport/Rockport,$4.00,194,6,61%,0,,Republic Parking System ,(617) 222-3200,www.republicparking.com,For train information at Hamilton/Wenham Station tune to 1630 AM,,,,
Hanson,Hanson,"1070 Main St Hanson, MA 02341-1543",Yes,,,,,,,Unattended Lot ,MBTA,Commuter Rail,Kingston/Plymouth,$4.00,482,8,59%,8,,Republic Parking System ,(617) 222-3200,www.republicparking.com,For train information at Hanson Station tune to 1630 AM,,,,
Harvard Avenue,place-harvd,Commonwealth Avenue and Harvard Avenue.,Yes,None,No,No,No,Yes,No,,,,,,,None,,0,,,,,,HarvardAve001.jpg,HarvardAve002.jpg,harvmap.gif,
Harvard Square,place-harsq,"1400 Massachusetts Avenue at 1 Brattle St., Cambridge.",Yes,Both,Yes,No,Yes,No,Yes,,,,,,,None,,21,,,,,,harvardsqphoto.gif,,harvardmap.gif,
Hastings,Hastings,"105 Viles St Weston, MA 02493-1700",No,,,,,,,Off Street ,,,,Free Parking,6,None,,0,,Town of Weston,,www.weston.govoffice.com,,,,,"Town of Weston is responsible for parking area snow removal and maintenance. Please contact MBTA Customer Service regarding station and platform snow removal, cleanliness and maintenance issues."
Haverhill,Haverhill,"1 Washington Ave Haverhill, MA 01832-5420",Yes,,,,,,,Unattended Lot ,MBTA,Commuter Rail,Haverhill,$4.00,159,6,52%,0,,Republic Parking System ,(617) 222-3200,www.republicparking.com,For train information at Haverhill  Station tune to 1640 AM,,,,
Hawes,place-hwsst,"Beacon Street and Hawes Street, Brookline.",No,None,No,No,No,No,No,,,,,,,None,,0,,,,,,Hawes001.jpg,Hawes002.jpg,hawesmap.gif,
Haymarket,place-haecl,"136 Blackstone Street, Boston, MA 02109",Yes,Both,Yes,No,Yes,Yes,No,Garage,MBTA,Rapid Transit,GreenLine,,310,None,,0,,,,,,haymarketphoto.gif,<NULL>,haymarketmap.gif,
Heath,place-hsmnl,"Heath Street at VA Hospital, Boston.",Yes,None,No,Yes,No,Yes,No,,,,,,,None,,0,,,,,,HeathSt001.jpg,,heathmap.gif,
Herald St,147,"Washington St at Herald St, Boston",Yes,None,No,No,No,No,No,,,,,,,None,,2,,,,,,,,,
Hersey,Hersey,"Great Plain Ave & Broad Meadow Rd Needham, MA 02492",Yes,,,,,,,Unattended Lot ,MBTA,Commuter Rail,Needham ,$4.00,318,8,52%,11,,Republic Parking System ,(617) 222-3200,www.republicparking.com,For train information at Hershey Station tune to 1630 AM,,,,
Highland,Highland,"Corey St & Hastings St West Roxbury, MA 02132",Yes,,,,,,,Unattended Lot ,MBTA,Commuter Rail,Needham ,$4.00,175,6,<42%,,,Republic Parking System ,(617) 222-3200,www.republicparking.com,For train information at Highland Station tune to 1680 AM,,,,
Hingham Shipyard,Boat-Hingham,"349 Lincoln St. Hingham, MA 02043",Yes,,,,,Yes,Yes,Unattended Lot ,MBTA,Ferry ,Ferry,$4.00 daily  $70.00 monthly permit,1841,29,50%,,,Republic Parking System ,(617) 222-3200,www.republicparking.com,,,,,
Holbrook/Randolph,Holbrook/ Randolph,"Union St & Center St Randolph, MA 02368",Yes,,,,,,,Unattended Lot ,MBTA,Commuter Rail,Middleborough/Lakeville ,$4.00,369,14,57%,8,,Republic Parking System ,(617) 222-3200,www.republicparking.com,For train information at Holbrook/Randolph Station tune to 1630 AM,,,,
Hyde Park,Hyde Park,"1 Pingree St Hyde Park, MA 02136-2751",Yes,,,,,,,Unattended Lot ,MBTA,Commuter Rail,Providence/Stoughton,$4.00 daily     $70.00/Month,121,4,58%,10,,Republic Parking System ,(617) 222-3200,www.republicparking.com,For train information at Hyde Park Station tune to 1630 AM,,,,
Hynes Convention Center,place-hymnl,"100 Massachusetts Avenue at 360 Newbury Street, Boston.",No,None,No,No,No,No,No,,,,,,,None,,0,,,,,,hynesphoto.gif,,hynesmap.gif,
Ipswich,Ipswich,"4 Topsfield Rd Ipswich, MA 01938-2132",Yes,,,,,,,Surface Lot ,,,,Free,170,4,,8,,Town of Ipswich,,www.ipswichma.com,For train information at Ipswich Station tune to 1630 AM,,,,"Town of Ipswich is responsible for parking lot snow removal and maintenance. Please contact MBTA Customer Service regarding station and platform snow removal, cleanliness and maintenance issues."
Islington,Islington,"48 Carroll Ave Westwood, MA 02090-1444",No,,,,,,,Unattended Lot ,MBTA,Commuter Rail,Franklin,$4.00,39,1,67%,0,,Republic Parking System ,(617) 222-3200,www.republicparking.com,,,,,
JFK/UMass,place-jfk,"599 Old Colony Ave Boston, MA 02127-3805",Yes,None,No,No,Yes,No,Yes,,,,,,,None,,18,,,,,,JFK_UMASS001.jpg,JFK_UMASS002.jpg,jfkumassmap.gif,
Jackson Square,place-jaksn,"1500 Columbus Avenue at 240 Centre Street, Jamaica Plain.",Yes,Up,No,No,Yes,No,No,,,,,,,None,,8,,,,,,JacksonSq001.jpg,JacksonSq002.jpg,jacksquaremap.gif,
Kendal Green,Kendal Green,"205 Church St Weston, MA 02493-2007",No,,,,,,,Off Street ,,,,Free Parking,57,None,,0,,Town of Weston,,www.weston.org,For train information at Kendal Green Station tune to 1630 AM,,,,"Town of Weston is responsible for parking lot snow removal and maintenance. Please contact MBTA Customer Service regarding station and platform snow removal, cleanliness and maintenance issues."
Kendall,place-knncl,"Kendall Square, Cambridge, at the intersection of Main Street, Broadway, and Third Street.",Yes,Up,No,No,Yes,No,No,,,,,,,None,,58,,,,,,kendallSquare001.jpg,kendallSquare002.jpg,kendallmap.gif,
Kenmore,place-kencl,"500 Commonwealth Avenue at 1 Brookline Avenue, Boston.",Yes,Up,No,No,Yes,Yes,No,,,,,,,None,,8,,,,,,KenmoreBusCanopy.jpg,KenmoreBeacon.jpg,kenmoremap.gif,
Kent,place-kntst,"Beacon Street and Powell Street, Brookline.",No,None,No,No,No,No,No,,,,,,,None,,0,,,,,,Kent001.jpg,Kent002.jpg,kentstmap.gif,
Kingston/Route 3,Kingston,"134 Marion Dr Kingston, MA 02364-2249",Yes,,,,,,,Unattended Lot ,MBTA,Commuter Rail,Kingston/Plymouth,$4.00 daily        $70.00/Month,1039,22,75%,0,,Republic Parking System ,(617) 222-3200,www.republicparking.com,For train information at Kingston/Route 3 Station tune to 1630 AM,,,,
Lawrence,Lawrence,"S Union St & Merrimack St, Lawrence, MA 01843",Yes,,,,,,,Garage,,,,"1.00/hr, $8.00 daily max to 2:00 AM
$4.00 overnight charge after 2:00 AM
$4.00 per day for commuter rail customers with proof",400,5,,0,marketing@mvrta.com,Merrimack Valley RTA,(978) 469-6878,www.mvrta.com,,,,,"For more information view Merrimack Valley Regional Transportation Authority
Overnight parking is available. Merrimack Valley RTA is responsible for parking lot snow removal, maintenance and fee collection. Please contact MBTA Customer Service regarding station and platform snow removal, cleanliness and maintenance issues."
Lechmere,place-lech,"Junction of Cambridge Street and O'Brien Highway, Cambridge.",Yes,None,No,Yes,No,Yes,No,Attended Lot ,MBTA,Rapid Transit,GreenLine,$6.00 daily,393,9,<1%,0,,Republic Parking System ,(617) 222-3200,www.republicparking.com,,lechmerephoto.gif,,lechmeremap.gif,
Lenox St,5472,"Washington St at Lenox St, Boston",Yes,None,No,No,No,No,No,,,,,,,None,,2,,,,,,,,,
Lincoln,Lincoln,"160 Lincoln Rd Lincoln, MA 01773-3834",No,,,,,,,Surface Lot ,,,,$3.00 per day,161,3,,21,,Town of Lincoln,,www.lincolntown.org,For train information at Lincoln Station tune to 1630 AM,,,,"Town of Lincoln is responsible for parking lot snow removal, maintenance and fee collection. Please contact MBTA Customer Service regarding station and platform snow removal, cleanliness and maintenance issues."
Littleton/Route 495,Littleton / Rte 495,"Grimes Ln & Foster St Littleton, MA 01460",Yes,,,,,,,Unattended Lot ,MBTA,Commuter Rail,Fitchburg,$4.00 daily rate/ $70.00 monthly rate,246,6,2%,0,,Republic Parking System ,(617) 222-3200,www.republicparking.com,,,,,
Logan Airport Ferry Terminal,Boat-Logan,"Harborside Dr., East Boston, MA 02128",Yes,,,,,No,Yes,Garage Parking Available,,,,,,N/A,,,,,,,,,,,
Long Wharf Ferry Terminal,Boat-Long,"Long Wharf, Boston, MA 02110",Yes,,,,,No,Yes,Street and Garage Parking Only,,,,,,N/A,,,,,,,,,,,
Longwood,place-longw,"Opposite Longwood Towers Apartments at Chapel and Longwood Streets, Brookline.",No,None,No,No,No,No,No,,,,,,,None,,15,,,,,,Longwood001.jpg,Longwood002.jpg,longwoodmap.gif,
Longwood Medical Area,place-lngmd,"Huntington Avenue and Longwood Avenue, Boston.",Yes,None,No,No,No,Yes,No,,,,,,,None,,0,,,,,,LongwoodMed001.jpg,,longwoodmedicalmap.gif,
"Lovejoy Wharf, North - Moakley Courthouse and World Trade Center, South Boston",214,Off Causeway Street next to the Fleet Center near North Station.,Commuter boats are accessible to persons with disabilities.,,,,,,,,,,,,,,,,,,,,,,,,
"Lovejoy Wharf, North to Charlestown Navy Yard, Charlestown",114893,Off Causeway Street next to the Fleet Center near North Station.,Commuter boats are accessible to persons with disabilities.,,,,,No,Yes,,,,,,,,,,,,,,,,,,
"Lovejoy Wharf, North to Moakley Courthouse and World Trade Center, South Boston",214,Off Causeway Street next to the Fleet Center near North Station.,Commuter boats are accessible to persons with disabilities.,,,,,,,,,,,,,,,,,,,,,,,,
Lowell,Lowell,"101 Thorndike St Lowell, MA 01852-3308",Yes,,,,,,,Garage ,,,,$5.00 / daily. Overnight rates at www.lrta.com,695,7,,18,lgiordano@lrta.com,Lowell Regional Transit Authority,(978) 452-6161,www.lrta.com,,,,,"Overnight parking is available. Lowell Regional Transit Authority is responsible for parking facility fee collection, snow removal and maintenance. Please contact MBTA Customer Service regarding station and platform snow removal, cleanliness and maintenance issues."
Lynn,Lynn,"325 Broad St Lynn, MA 01901-1511",Yes,,,,,,,Garage,MBTA,Commuter Rail,Newburyport/Rockport,$4.00 daily,965,15,79%,14,,Republic Parking System ,(617) 222-3200,www.republicparking.com,,,,,
Malden Center,place-mlmnl,"Commercial St & Pleasant St Malden, MA 02148",Yes,Up,No,No,Yes,No,Yes,Attended Lot ,MBTA,Rapid Transit,OrangeLine,$6.00 daily,188,6,<1%,66,,Republic Parking System ,(617) 222-3200,www.republicparking.com,,MaldenCenter001.jpg,MaldenCenter002.jpg,maldencentermap.gif,
Manchester,Manchester,"40 Beach St Manchester, MA 01944-1468",Yes,,,,,,,Off Street ,,,,Free Parking,71,6,,7,,Town of Manchester,,www.manchester.ma.us,For train information at Manchester Station tune to 1630 AM,,,,"Town of Manchester is responsible for parking lot maintenance. Please contact MBTA Customer Service regarding station and platform snow removal, cleanliness and maintenance issues."
Mansfield,Mansfield,"1 Crocker St Mansfield, MA 02048-1905",Yes,,,,,,,,,,,$4.00,806,None,,12,,Town of Mansfield,,www.mansfieldma.com,For train information at Mansfield Station tune to 1640 AM,,,,
Massachusetts Avenue,place-masta,"380 Massachusetts Avenue, south of St. Botolph Street/Boston.",Yes,Up,No,No,Yes,No,Yes,,,,,,,None,,24,,,,,,Mass Ave001.jpg,Mass Ave002.jpg,massavemap.gif,
Mattapan,place-matt,500 River Street at 1670 Blue Hill Avenue.,Yes,None,No,Yes,No,No,No,Unattended Lot ,MBTA,Rapid Transit,RedLine ,$4.00 daily,217,4,79%,8,,Republic Parking System ,(617) 222-3200,www.republicparking.com,,Mattapan001.jpg,Mattapan002.jpg,mattastationmap.gif,
Maverick,place-mvbcl,"220 Sumner at Chelsea Street and Meridian Street, East Boston.",Yes,Up,No,No,Yes,No,No,,,,,,,None,,8,,,,,,Maverick001.jpg,Maverick002.jpg,maverickmap.gif,
Melnea Cass Blvd,11,"Washington St at Melnea Cass Blvd, Roxbury",Yes,None,No,No,No,No,No,,,,,,,None,,2,,,,,,,,,
Melrose Highlands,Melrose Highlands,"497 Franklin St Melrose, MA 02176-1742",Yes,,,,,,,Surface Lot ,,,,$2.00,77,2,,0,,City of Melrose,,www.cityofmelrose.org,For train information at Melrose Highlands Station tune to 1630 AM,,,,"City of Melrose is responsible for parking lot snow removal, maintenance and fee collection. Please contact MBTA Customer Service regarding station and platform snow removal, cleanliness and maintenance issues."
Melrose/Cedar Park,Melrose Cedar Park,"Cedar Park & W Emerson St Melrose, MA 02176,",No,,,,,,,Surface Lot ,,,,$3.00,82,3,,0,,City of Melrose,,www.cityofmelrose.org,For train information at Melrose/Cedar Park Station tune to 1630 AM,,,,Payment is credit and debit only - $3 from 6-12 weekdays all other time is free.Melrose DPW handles snow removal - phone number is 781-665-0142
Middleborough/Lakeville,Middleborough/ Lakeville,"125 Commercial Dr Lakeville, MA 02347-1661",Yes,,,,,,,Unattended Lot ,MBTA,Commuter Rail,Middleborough/Lakeville ,$4.00,769,13,54%,8,,Republic Parking System ,(617) 222-3200,www.republicparking.com,For train information at Middleborough/Lakeville Station tune to 1630 AM,,,,
Milton,place-miltt,"1 Adams Street at 1 Elliot Street, Milton.",Yes,None,No,Yes,No,No,No,Unattended Lot ,MBTA,Rapid Transit,RedLine ,$4.00 daily    $70.00/Month,36,3,58%,8,,Republic Parking System ,(617) 222-3200,www.republicparking.com,,Milton001.jpg,Milton002.jpg,miltonmap.gif,
Mishawum,Mishawum,"250 Mishawum Rd Woburn, MA 01801-2062",N/A,,,,,,,,,,,,None,None,,0,,,,,,,,,This parking facility is closed.
Mission Park,place-mispk,"Huntington Avenue and Mission Park, Boston.",No,None,No,No,No,No,No,,,,,,,None,,0,,,,,,MissionPark001.jpg,MissionPark002.jpg,missionmap.gif,
Montello,Montello,"150 Spark St Brockton, MA 02302-1621",Yes,,,,,,,Unattended Lot ,MBTA,Commuter Rail,Middleborough/Lakeville ,$4.00,347,11,50%,16,,Republic Parking System ,(617) 222-3200,www.republicparking.com,For train information at Montello Station tune to 1630 AM,,,,
Montserrat,Montserrat,"180 Essex St Beverly, MA 01915",Yes,,,,,,,Unattended Lot ,MBTA,Commuter Rail,Newburyport/Rockport,$4.00,117,4,59%,7,,Republic Parking System ,(617) 222-3200,www.republicparking.com,For train information at MontserratStation tune to 1630 AM,,,,
Morton,Morton Street,"865 Morton St Mattapan, MA 02126-2453",No,,,,,,,,,,,,None,None,,0,,MBTA,(617) 222-3200,www.mbta.com,,,,,"Please contact MBTA Customer Service regarding station and platform snow removal, cleanliness and maintenance issues."
Mount Hood Road,39870,Commonwealth Avenue and Mount Hood Road.,No,None,Yes,Yes,Yes,Yes,Yes,,,,,,,None,,0,,,,,,MtHoodRd001.jpg,MtHoodRd002.jpg,mounthoodmap.gif,
Museum of Fine Arts,place-mfa,"Huntington Avenue and Louis Prang/Ruggles Street, Boston.",Yes,None,No,Yes,No,Yes,No,,,,,,,None,,0,,,,,,Museum001.jpg,Wentworth_Campus_Map.pdf,muesoffineartsmap.gif,
Nantasket Junction,Nantasket Junction,"190 Summer St., Hingham, MA",Yes,,,,,,,Unattended Lot ,MBTA,Commuter Rail,Greenbush,$4.00,495,8,83%,,,Republic Parking System ,(617) 222-3200,www.republicparking.com,For train information at Nantasket Junction Station tune to 1630 AM,,,,
Natick,Natick Center,"1 Walnut St Natick, MA 01760-3503",No,,,,,,,Off Street ,,,,Town Permit Required,71,4,,0,,Town of Natick,,www.natickma.gov,,,,,"Town of Natick is responsible for parking lot snow removal and maintenance. Please contact MBTA Customer Service regarding station and platform snow removal, cleanliness and maintenance issues."
Needham Center,Needham Center,"Great Plain Ave & Eaton Sq Needham, MA 02492",,,,,,,,,,,,Town Permit Required,35,None,N/A,6,,Town of Needham,,www.needhamma.gov,,,,,"Town of Needham is responsible for parking lot snow removal, maintenance and fee collection. Please contact MBTA Customer Service regarding station and platform snow removal, cleanliness and maintenance issues."
Needham Heights,Needham Heights,"95 West St Needham, MA 02494-1320",Yes,,,,,,,Unattended Lot ,MBTA,Commuter Rail,Needham ,$4.00,100,4,<28%,6,,Republic Parking System ,(617) 222-3200,www.republicparking.com,For train information at Needham Heights Station tune to 1630 AM,,,,
Needham Junction,Needham Junction,"51 Junction St Needham, MA 02492-2919",Yes,,,,,,,Unattended Lot ,MBTA,Commuter Rail,Needham ,$4.00,175,4,<24%,6,,Republic Parking System ,(617) 222-3200,www.republicparking.com,For train information at Needham Junction Station tune to 1620 AM,,,,
New Market,Newmarket,,,,,,,,,,,,,,,,,,,,,,,,,,
Newburyport,Newburyport,"25 Boston Way Newburyport, MA 01950-4067",Yes,,,,,,,Unattended Lot ,MBTA,Commuter Rail,Newburyport/Rockport,$4.00 daily    $70.00/Month,814,24,79%,22,,Republic Parking System ,(617) 222-3200,www.republicparking.com,For train information at Newburyport Station tune to 1630 AM,,,,
Newmarket,Newmarket,,,,,,,,,,,,,,,,,20,,,,,,,,,
Newton Center,place-newto,,Yes,,,,,,,,,,,,,N/A,,15,,,,,,,,,
Newton Centre,place-newto,"Union Street between Herrick Street and Langley Road, near Newton Centre Shopping area, Newton.",Yes,None,No,Yes,No,Yes,Yes,,,,,,,None,,15,,,,,,NewtonCtr001.jpg,NewtonCtr002.jpg,newtoncentremap.gif,
Newton Highlands,place-newtn,"At Lincoln and Walnut Streets near Newton Highlands Shopping area, Newton.",Yes,None,No,No,No,Yes,No,,,,,,,None,,0,,,,,,NewtonHighlands001.jpg,NewtonHighlands002.jpg,newtonhighlandmap.gif,
Newton St,place-newto,"Washington St at Newton St, Boston",Yes,None,No,No,No,No,No,,,,,,,None,,2,,,,,,,,,
Newtonville,Newtonville,"770 Washington St Newton, MA 02460-1705",No,,,,,,,Town Owned,,,,Metered 75¢/hour,53,None,,0,,City of Newton,,www.ci.newton.ma.us,,,,,This lot is owned and operated by the City of Newton.
Norfolk,Norfolk,"9 Rockwood Rd Norfolk, MA 02056-1409",Yes,,,,,,,Unattended Lot ,MBTA,Commuter Rail,Franklin,$4.00,532,11,<42%,8,,Republic Parking System ,(617) 222-3200,www.republicparking.com,For train information at Norfolk Station tune to 1640 AM,,,,
North Beverly,North Beverly,"Enon St & Dodge St Beverly, MA 01915",Yes,,,,,,,Unattended Lot ,MBTA,Commuter Rail,Newburyport/Rockport,$4.00,87,4,69%,0,,Republic Parking System ,(617) 222-3200,www.republicparking.com,For train information at North Beverly Station tune to 1630 AM,,,,
North Billerica,North Billerica,"Ruggles St & Station St North Billerica, MA 01862",Yes,,,,,,,Garage,,,,$4.00/daily,541,13,35%,14,lrta1@aol.com,Lowell Regional Transit Authority,(978) 452-6161,www.lrta.com,For train information at North Billerica Station tune to 1630 AM,,,,"Lowell Regional Transit Authority is responsible for parking lot snow removal, maintenance and fee collection. Please contact MBTA Customer Service regarding station and platform snow removal, cleanliness and maintenance issues."
North Leominster,North Leominster,"34 Nashua St Leominster, MA 01453-3312",Yes,,,,,,,Parking Garage,,,,$3.00 per day    $50.00 per month,436,7,15%,0,contactMART@mrta.us,Montachusett Regional Transit Authority,(978) 345-7711,www.mrta.us,For train information at North Leominster Station tune to 1630 AM,,,,
North Quincy,place-nqncy,"East Squantum Street between Newport Avenue and Hancock Street, North Quincy.",Yes,Up,Yes,No,Yes,No,No,Attended Lot ,MBTA,Rapid Transit,RedLine ,$5.00,1192,26,<31%,43,,Republic Parking System ,(617) 222-3200,www.republicparking.com,,nquincyphoto.gif,northquincy.gif,northquincymap.gif,
North Scituate,North Scituate,"777 Country Way, Scituate, MA",Yes,,,,,,,Unattended Lot ,MBTA,Commuter Rail,Greenbush,$4.00,279,5,54%,,,Republic Parking System ,(617) 222-3200,www.republicparking.com,For train information at North Scituate Station tune to 1630 AM,,,,"County Way Rd Lot operated by LAZ Parking. Bailey Rd Lot operated by Town of Scituate. Please contact MBTA Customer Service regarding station and platform snow removal, cleanliness and maintenance issues."
North Station,place-north,"135 Causeway Street, Boston MA 02114",Yes,Both,Yes,No,Yes,Yes,No,Garage,,,,Hourly rates beginning at $5.  Special event parking is $25.,1275,38,,20,,ProPark,617-222-3042,www.propark.com,,NoSta_Green001.jpg,NoSta_Green_IB_lg.jpg,northmap.gif,"Also servicing the <a href=""/traveling_t/schedules_subway_greenline.asp"">Green Line</a>, <a href=""/traveling_t/schedules_subway_orangeline.asp"">Orange Line</a>
Parking garage is located underneath TD Banknorth Garden."
North Wilmington,North Wilmington,"370 Middlesex Ave Wilmington, MA 01887-2121",No,,,,,,,Off Street ,,,,Free,20,None,,0,,Town of Wilmington,,www.wilmingtonma.gov,,,,,"Town of Wilmington is responsible for parking lot maintenance. Please contact MBTA Customer Service regarding station and platform snow removal, cleanliness and maintenance issues."
Northeastern University,place-nuniv,Huntington Avenue and Opera Place.,Yes,None,No,No,No,Yes,No,,,,,,,None,,0,,,,,,NorthEastern001.jpg,NorthEastern002.jpg,northeasternmap.gif,
Northern Avenue & Harbor,247,Northern Avenue & Harbor Street,Yes,None,No,No,No,No,No,,,,,,,N/A,,,,,,,,,,,
Northern Avenue & Tide,31257,Northern Avenue & Tide Street,Yes,None,No,No,No,No,No,,,,,,,N/A,,,,,,,,,,,
Norwood Central,Norwood Central,"164 Broadway Norwood, MA 02062-3404",Yes,,,,,,,Unattended Lot ,MBTA,Commuter Rail,Franklin,$4.00,781,14,54%,27,,Republic Parking System ,(617) 222-3200,www.republicparking.com,For train information at Norwood Central Station tune to 1700 AM,,,,
Norwood Depot,Norwood Depot,"14 Hill St Norwood, MA 02062-3650",Yes,,,,,,,Unattended Lot ,MBTA,Commuter Rail,Franklin,$4.00,219,5,81%,0,,Republic Parking System ,(617) 222-3200,www.republicparking.com,For train information at Norwood Depot Station tune to 1680 AM,,,,
Oak Grove,place-ogmnl,"Washington Street at Winter Street, Malden.",Yes,Up,No,No,Yes,No,No,Unattended Lot ,MBTA,Rapid Transit,OrangeLine,"$6.00 daily (cash, credit or debit cards)",788,8,<1%,42,,Republic Parking System ,(617) 222-3200,www.republicparking.com,,OakGrove001.gif,OakGrove002.gif,oakgrovemap.gif,
Orient Heights,place-orhte,"1000 Bennington Street, north of 990 Saratoga Street, East Boston.",Yes,None,Yes,No,No,No,No,Attended Lot ,MBTA,Rapid Transit,BlueLine,$5.00,434,3,<41%,8,,Republic Parking System ,(617) 222-3200,www.republicparking.com,,Orient Heights001.jpg,Orient Heights002.jpg,orientmap.gif,
Packards Corner,place-brico,Commonwealth Avenue and Brighton Avenue.,No,None,No,No,No,No,No,,,,,,,None,,0,,,,,,BrightonAve001.jpg,BrightonAve002.jpg,brightavemap.gif,
Park,place-pktrm,"Corner of Boston Common at Intersection of Tremont, Park and Winter Streets, Downtown Boston.",Yes,Up,Yes,No,Yes,Yes,No,,,,,,,None,,0,,,,,,ParkSt001.jpg,park_st.jpg,parkstmap.gif,
Pemberton Point Ferry Terminal,111146,"180 Main St, Hull, MA 02045",Yes,,,,,No,Yes,100 spaces available at Hull High School,,,,,100,,,,,Town of Hull,,www.town.hull.ma.us,,,,,"Parking available at Hull High School. The town of Hull is responsible for parking lot, snow removal and maintenance."
Pleasant,place-plsgr,Commonwealth Avenue and Pleasant Street.,No,None,No,No,No,No,No,,,,,,,None,,0,,,,,,PleasantSt001.jpg,PleasantSt002.jpg,pleasantmap.gif,
Plimptonville,Plimptonville,"185 Plimpton St Walpole, MA 02081-3712",N/A,,,,,,,,,,,,,None,,0,,MBTA,617-222-3200,www.mbta.com,,,,,"Please contact MBTA Customer Service regarding station and platform snow removal, cleanliness and maintenance issues."
Plymouth,Plymouth,"385 Court Street, Plymouth, MA 02360",Yes,,,,,,,Unattended Lot ,MBTA,Commuter Rail,Kingston/Plymouth,$4.00,96,4,64%,8,,Republic Parking System ,(617) 222-3200,www.republicparking.com,,,,,
Porter Square,place-portr,"1899 Massachusetts Ave Cambridge, MA 02140",Yes,Both,Yes,No,Yes,No,No,,,,,,None,None,,34,,,,,,portersqphoto.gif  ,porter.gif,portersquaremap.gif,"Also servicing the <a href=""/traveling_t/schedules_subway_redline.asp"">Red Line</a>
No MBTA parking. Street or private parking may exist."
Prides Crossing,Prides Crossing,"600 Hale St Beverly, MA 01915-5420",No,,,,,,,,,,,,,None,,0,,MBTA,617-222-3200,www.mbcr.net,,,,,"Please contact MBTA Customer Service regarding station and platform snow removal, cleanliness and maintenance issues."
Providence,Providence,"100 Gaspee St Providence, RI 02903-1133",Yes,,,,,,,Garage,,,,Daily/Monthly rates,330,13,,0,,Metropark ,(401) 274-9290,www.metroparkltd.com,,,,,
Prudential,place-prmnl,"On Huntington Avenue near Belvidere Street, Opposite Prudential Center, Back Bay.",Yes,Both,Yes,No,Yes,Yes,Yes,,,,,,,None,,0,,,,,,prudentialphoto.gif,,prudentialmap.gif,
Quincy Adams,place-qamnl,"Burgin Parkway at Centre Street, Quincy 02169",Yes,Both,No,No,Yes,No,No,Garage,MBTA,Rapid Transit,RedLine ,$7.00/day. $8.00/overnight,2358,34,<26%,64,,Republic Parking System ,(617) 222-3200,www.republicparking.com,,quincyadamsphoto.gif,,quincyadamsmap.gif,
Quincy Center,place-qnctr,"175 Thomas E Burgin Pkwy Quincy, MA 02169-4213",Yes,Up,No,No,Yes,No,No,Garage,,,,$3.50,872,16,,20,,Republic Parking System ,(617) 222-3200,www.republicparking.com,,Quincy Center001.jpg,Quincy Center002.jpg,quincycentermap.gif,"Quincy Center Garage is closed indefinitely. Alternative parking is available at Quincy Adams Garage (24 Hours), North Quincy Hancock Street and North Quincy Newport Street."
Reading,Reading,"35 Lincoln St Reading, MA 01867-3133",Yes,,,,,,,Unattended Lot ,MBTA,Commuter Rail,Haverhill,$4.00,113,None,<1%,10,,Republic Parking System ,(617) 222-3200,www.republicparking.com,For train information at ReadingStation tune to 1630 AM,,,,
Readville,Readville,"1800 Hyde Park Ave Hyde Park, MA 02136-2460",Yes,,,,,,,Unattended Lot ,MBTA,Commuter Rail,Fairmont,$4.00,354,15,68%,0,,Republic Parking System ,(617) 222-3200,www.republicparking.com,For train information at Readville Station tune to 1630 AM,,,,
Reservoir,place-rsmnl,"Cleveland Circle near junction of Chestnut Hill Avenue and Beacon Street, Brookline.",Yes,None,No,No,No,Yes,Yes,,,,,,,None,,8,,,,,,Reservoir001.jpg,<NULL>,reservoirmap.gif,
Revere Beach,place-rbmnl,"Intersection of 220 Shirley Avenue and 300 Ocean Avenue, Revere.",Yes,None,Yes,No,Yes,No,No,,,,,,,None,,13,,,,,,Revere Beach001.jpg,Revere Beach002.jpg,reverebeachmap.gif,
River Works,River Works / GE Employees Only,"1000 Western Ave Lynn, MA 01910 General Electric plant (employees only)",No,,,,,,,,,,,,,None,,0,,,,,,,,,
Riverside,place-river,"Grove Street off Route 128, south of Commonwealth Avenue, Newton 02466",Yes,None,No,No,No,Yes,Yes,Attended Lot ,MBTA,Rapid Transit,GreenLine_D,"$6.00 daily, $13.00 overnight and $7.00 each additional day",935,22,<7%,48,,Republic Parking System ,(617) 222-3200,www.republicparking.com,,riverside001.jpg,riverside002.jpg,riversidemap.gif,
Riverway,place-rvrwy,"South Huntington Avenue at Huntington Ave., Boston.",No,None,No,No,No,No,No,,,,,,,None,,0,,,,,,Riverway001.jpg,,riverwaymap.gif,
Rockport,Rockport,"17 Railroad Ave Rockport, MA 01966-1463",Yes,,,,,,,Surface Lot ,,,,Free Parking,88,None,,7,,Town of Rockport,,www.rockportusa.com,For train information at Rockport Station tune to 1630 AM,,,,"Town of Rockport is responsible for parking lot maintenance. Please contact MBTA Customer Service regarding station and platform snow removal, cleanliness and maintenance issues."
Roslindale Village,Roslindale Village,"1 Belgrade Ave Roslindale, MA 02131-3025",Yes,,,,,,,Unattended Lot ,MBTA,Commuter Rail,Needham ,$4.00,160,4,79%,0,,Republic Parking System ,(617) 222-3200,www.republicparking.com,For train information at Roslindale Village tune to 1630 AM,,,,
Route 128,Route 128,"50 University Ave Westwood, MA 02090",Yes,,,,,,,Garage,MBTA,Commuter Rail,Providence/Stoughton,$7.00/ first 14 hours. $14/each day thereafter - FastLane and Credit Cards Accepted,2589,44,<25%,0,,Republic Parking System ,(617) 222-3200,www.republicparking.com,,,,,
Rowes Wharf Ferry Terminal,Boat-Rowes,"60 Rowes Wharf, Boston, MA 02110-3329",Yes,,,,,No,Yes,,,,,,,N/A,,,,,,,,,,,
Rowley,Rowley,"70 Railroad Ave Rowley, MA 01969-1211",Yes,,,,,,,Unattended Lot ,MBTA,Commuter Rail,Newburyport/Rockport,$4.00,282,7,66%,11,,Republic Parking System ,(617) 222-3200,www.republicparking.com,For train information at Rowley Station tune to 1630 AM,,,,
Roxbury Crossing,place-rcmnl,"1400 Tremont Street, west of 1200 Columbus Avenue, Roxbury.",Yes,Up,No,No,Yes,No,No,,,,,,,None,,16,,,,,,RoxburyCrossing001.jpg,RoxburyCrossing002.jpg,roxburymap.gif,
Ruggles,place-rugg,"1150 Tremont St Roxbury Crossing, MA 02120-2102,",Yes,Up,Yes,No,Yes,No,No,,,,,,None,None,,20,,,,,,Ruggles001.jpg,Ruggles002.jpg,rugglesmap.gif,
Salem,Salem,"252 Bridge St Salem, MA 01970-3980",Yes,,,,,,,Garage,MBTA,Commuter Rail,Newburyport/Rockport,<br />$5.00 for the first 14 hours<br />$12.00 after 14 hours<br />$12.00 each additional day,700,16,,5,,Republic Parking System ,(617) 222-3200,www.republicparking.com,For train information at Salem Station tune to 1630 AM,,,,
Savin Hill,place-shmnl,"125 Savin Hill Avenue, Dorchester, MA 02124",Yes,Up,Yes,No,Yes,No,No,Unattended Lot ,MBTA,Rapid Transit,RedLine ,$5.00 daily,23,2,50%,0,,Republic Parking System ,(617) 222-3200,www.republicparking.com,,savinhillphoto.gif,,savinhillmap.gif,
Science Park,place-spmnl,"Charles River Dam at Leverett Circle, Intersection of Nashua Street and Charles Street, Boston.",Yes,None,No,Yes,Yes,Yes,No,,,,,,,None,,0,,,,,,SciencePark001.jpg,SciencePark002.jpg,scienceparkmap.gif,
Sharon,Sharon,"1 Upland Rd Sharon, MA 02067-1752",No,,,,,,,Surface Lot ,,,,$4.00,542,None,<2%,8,,Town of Sharon,,www.townofsharon.net,For train information at Sharon Station tune to 1700 AM,,,,"Town of Sharon is responsible for parking lot snow removal and maintenance. Please contact MBTA Customer Service regarding station and platform snow removal, cleanliness and maintenance issues."
Shawmut,place-smmnl,"On Dayton Street between Centre Street and Lyndhurst Street, Dorchester.",Yes,None,No,No,Yes,No,No,,,,,,,None,,0,,,,,,shawmutphoto.gif,,shawmutmap.gif,
Shirley,Shirley,"Ayer Rd & Phoenix St Shirley, MA 01464",No,,,,,,,Off Street ,,,,Free,25,None,,0,,Town of Shirley,,www.shirley-ma.gov/Pages/index,,,,,"Town of Shirley is responsible for parking lot maintenance. Please contact MBTA Customer Service regarding station and platform snow removal, cleanliness and maintenance issues."
Silver Hill,Silver Hill,"Silver Hill Rd & Merriam St Weston, MA 02493",No,,,,,,,,,,,,None,None,,0,,,,,,,,,
Silver Line Way,74624,"Silver Line Way at Pumphouse Rd. between Massport Haul Rd. and D Street, South Boston Waterfront",Yes,None,No,No,No,No,No,,,,,,,None,,0,,,,,,,,,
South Acton,South Acton,"4 Central St Acton, MA 01720-3521",Yes,,,,,,,Surface Lot ,,,,$2.50,287,9,,44,,Town of Acton,(978) 264-9618 Mon-Fri 8am-5pm,www.acton-ma.gov,For train information at South Acton Station tune to 1630 AM,,,,"Town of Acton is responsible for parking lot snow removal, maintenance and fee collection. Please contact MBTA Customer Service regarding station and platform snow removal, cleanliness and maintenance issues."
South Attleboro,South Attleboro,"1315 Newport Ave Attleboro, MA 02703-8040",Yes,,,,,,,Unattended Lot ,MBTA,Commuter Rail,Providence/Stoughton,$4.00,568,14,<5%,2,,Republic Parking System ,(617) 222-3200,www.republicparking.com,For train information at South Attleboro Station tune to 1700 AM,,,,
South Station,place-sstat,"Atlantic Ave & Summer St Boston, MA 02110",Yes,Up,Yes,No,Yes,No,No,,,,,Variable rates beginning at $4/ 30 minutes.  Overnight maximum of $27/day,226,8,,8,boston@propark.com,Propark America,(617) 742-8025,www.proparkboston.com,,SouthSt001.jpg,SouthSt002.jpg,southmap.gif,
South Weymouth,South Weymouth,"89 Trotter Rd Weymouth, MA 02190-4100",Yes,,,,,,,Unattended Lot ,MBTA,Commuter Rail,Kingston/Plymouth,$4.00,697,9,58%,10,,Republic Parking System ,(617) 222-3200,www.republicparking.com,For train information at South Weymouth Station tune to 1630 AM,,,,
Southborough,Southborough,"87 Southville Rd Southborough, MA 01772-2023",Yes,,,,,,,Unattended Lot ,MBTA,Commuter Rail,Framingham/Worcester,$4.00,364,8,<35%,0,,Republic Parking System ,(617) 222-3200,www.republicparking.com,For train information at Southborough Station tune to 1630 AM,,,,
St. Marys,place-smary,Beacon Street and St. Mary's Street.,Yes,None,No,Yes,No,Yes,No,,,,,,,None,,10,,,,,,StMarys001.jpg,StMarys002.jpg,stmarysmap.gif,
St. Paul,place-stpul,Commonwealth Avenue and Buick Street/St. Paul Street.,No,None,No,No,No,No,No,,,,,,,None,,0,,,,,,StPaul001.jpg,StPaul002.jpg,stpaulstmap.gif,
St. Paul - B Line,4796,,No,,,,,,,,,,,,,N/A,,,,,,,,,,,
St. Paul - C Line,7862,,No,,,,,,,,,,,,,N/A,,,,,,,,,,,
State,place-state,"200 Washington Street at 1 State ""Street"", Boston.",Yes Outbound side only,Up,Yes,No,Yes,No,Yes,,,,,,,None,,0,,,,,,State-Street001.jpg,,statemap.gif,
Stony Brook,place-sbmnl,"100 Boylston Street at 180 Lamartine Street, Jamaica Plain.",Yes,Up,No,No,Yes,No,No,,,,,,,None,,12,,,,,,StonyBrook001.jpg,StonyBrook002.jpg,stonybrookmap.gif,
Stoughton,Stoughton,"45 Wyman St Stoughton, MA 02072-2908",Yes,,,,,,,Unattended Lot ,MBTA,Commuter Rail,Providence/Stoughton,$4.00,333,10,<45%,6,,Republic Parking System ,(617) 222-3200,www.republicparking.com,For train information at Stoughton Station tune to 1700 AM,,,,
Suffolk Downs,place-sdmnl,"Intersection of 1230 Bennington Street and Walley Street, East Boston 02128",Yes,None,No,No,No,No,Yes,Unattended Lot ,MBTA,Rapid Transit,BlueLine,$5.00,110,4,<6%,12,,Republic Parking System ,(617) 222-3200,www.republicparking.com,,Sulfolk Downs001.jpg,Sulfolk Downs002.jpg,suffolkmap.gif,
Sullivan Square,place-sull,"1 Broadway and 1 Cambridge Street, Charlestown.",Yes,Up,Yes,No,Yes,No,Yes,Unattended Lot ,MBTA,Rapid Transit,OrangeLine,$6.00 daily,222,7,<1%,16,,Republic Parking System ,(617) 222-3200,www.republicparking.com,,SullivanSquare001.jpg,SullivanSquare002.jpg,sullsquaremap.gif,
Summit Avenue,place-sumav,Beacon St and Summit Avenue.,No,None,No,No,No,No,No,,,,,,,None,,0,,,,,,SummitAve001.jpg,SummitAve002.jpg,summimap.gif,
Sutherland Road,place-sthld,Commonwealth Avenue and Sutherland Road.,No,None,No,No,No,No,No,,,,,,,None,,0,,,,,,SutherlandRd001.jpg,SutherlandRd002.jpg,suthermap.gif,
Swampscott,Swampscott,"Burrill St & Railroad Ave Swampscott, MA 01907",Yes,,,,,,,Unattended Lot ,MBTA,Commuter Rail,Newburyport/Rockport,$4.00,131,6,<32%,0,,Republic Parking System ,(617) 222-3200,www.republicparking.com,For train information at Swampscott Station tune to 1630 AM,,,,
Symphony,place-symcl,Corner of Massachusetts Avenue and Huntington Avenue next to Symphony Hall.,No,None,No,No,No,No,No,,,,,,,None,,0,,,,,,Symphony001.jpg,Symphony002.jpg,symphonymap.gif,
TF Green Airport,TF Green Airport,"700 Jefferson Blvd. Warwick, RI 02886",Yes,,,,,,,,,,,$6.75 per day. $95 per month.  $30 surcharge after 24 hours of parking and for each 24 hour period thereafter (from time of entry).,650,24,,Bicycle racks avaliable.,,Standard Parking ,401-737-LINK (5465),,,,,,Pay on foot locations accept cash and credit cards. Standard Parking manages the parking garage on behalf of TF Green Airport.401-737-LINK (5465)
Talbot Ave,Talbot Avenue,,,,,,,,,,,,,,,,,20,,,,,,,,,
Tappan,place-tapst,"Beacon Street and Tappan Street, Brookline.",No,None,No,No,No,No,No,,,,,,,None,,0,,,,,,Tappan001.jpg,Tappan002.jpg,tappanstmap.gif,
Terminal A,17091,,No,None,No,No,No,No,No,,,,,,,N/A,,,,,,,,,,,
Terminal B Stop 1,27092,,No,None,No,No,No,No,No,,,,,,,N/A,,,,,,,,,,,
Terminal B Stop 2,17093,,No,None,No,No,No,No,No,,,,,,,N/A,,,,,,,,,,,
Terminal E,17091,,No,None,No,No,No,No,No,,,,,,,N/A,,,,,,,,,,,
Terminals C,17091,,No,None,No,No,No,No,No,,,,,,,N/A,,,,,,,,,,,
Tufts Medical Center,place-tumnl,"750 Washington Street, south of Stuart Street and corner of Tremont St. and Oak St., Boston.",Yes,Up,Yes,No,Yes,No,No,,,,,,,None,,0,,,,,,NewEnglanMedical001.jpg,NewEnglanMedical002.jpg,nemedcentermap.gif,
Union Park St,4258,"Washington St at Union Park St, Boston",Yes,None,No,No,No,No,No,,,,,,,None,,2,,,,,,,,,
Uphams Corner,Uphams Corner,"691 Dudley St Dorchester, MA 02125-2204",No,,,,,,,,,,,,None,None,,0,,,,,,,,,
Valley Road,place-valrd,"Valley Road off Elliot Street, Milton.",No,None,No,No,No,No,No,,,,,,,None,,0,,,,,,,,valleyrdmap.gif,
Waban,place-waban,"Beacon Street at Waban Square, Newton 02468",No,None,No,No,No,No,No,Unattended Lot ,MBTA,Rapid Transit,GreenLine_D,$6.00 daily,74,3,<11%,12,,Republic Parking System ,(617) 222-3200,www.republicparking.com,,Waban001.jpg,Waban002.jpg,wabanmap.gif,
Wachusett,Wachusett,"55 Authority Drive, Fitchburg, MA 01420-6018",Yes,,,,,,,Garage,,,,Daily Parking $3.00; Monthly Parking $50.00,369,8,,20,info@montachusettrta.org,Montachusett RTA,(978) 345-7711,www.mrta.us/,For train information at Wachusett Station tune to 1630 AM,,,,"Monthly passes can only be purchased the 1st of the month through the 7th of the month. After the 7th of the month passes can only be purchased daily. Passes are only valid for that month it was purchased. Monthly passes are only sold for that present calendar month. Holiday's and Weekends are FREE For overnight parking tickets must be purchased for 2 days Overnight parking is available. Montachusett RTA is responsible for parking lot snow removal, maintenance and fee collection. Please contact MBTA Customer Service regarding platform snow removal, cleanliness, and maintenance issues."
Wakefield,Wakefield,"225 North Ave Wakefield, MA 01880-2314",No,,,,,,,Unattended Lot ,MBTA,Commuter Rail,Haverhill,$4.00,117,6,<32%,6,,Republic Parking System ,(617) 222-3200,www.republicparking.com,For train information at Wakefield Station tune to 1630 AM,,,,
Walpole,Walpole,"275 West St Walpole, MA 02081-1608",No,,,,,,,Unattended Lot ,MBTA,Commuter Rail,Franklin,$4.00,343,4,66%,5,,Republic Parking System ,(617) 222-3200,www.republicparking.com,For train information at Walpole Station tune to 1640 AM,,,,
Waltham,Waltham,"75 Carter St Waltham, MA 02453-5312",No,,,,,,,Off Street ,,,,$2.00 daily,50,4,,8,,City of Waltham,,www.city.waltham.ma.us,,,,,"City of Waltham is responsible for parking fee collection and lot maintenance. Please contact MBTA Customer Service regarding station and platform snow removal, cleanliness and maintenance issues."
Warren,place-wrnst,Commonwealth Avenue and Warren Street.,No,None,No,No,No,No,No,,,,,,,None,,0,,,,,,WarrenSt001.jpg,WarrenSt002.jpg,warrenmap.gif,
Washington,place-wascm,"Commonwealth Avenue and Washington Street, Brighton.",Yes,None,No,Yes,No,No,No,,,,,,,None,,0,,,,,,WashingtonSt001.jpg,WashingtonSt002.jpg,washingtonstmap.gif,
Washington Square,place-bcnwa,"Beacon Street and Washington Street, Brookline.",Yes,None,No,No,No,Yes,No,,,,,,,None,,20,,,,,,WashingtonSQ001.jpg,WashingtonSQ002.jpg,washsquaremap.gif,
Watertown Yard,900,"20 Watertown Street Watertown, MA 02472",Yes,,,,,,,Unattended Lot ,MBTA,Bus ,Bus,$5.00,200,6,49%,,,Republic Parking System ,(617) 222-3200,www.republicparking.com,,,,,
Waverley,Waverley,"525 Trapelo Rd Belmont, MA 02478-1403",No,,,,,,,,,,,,,None,,0,,,,,,,,,
Wedgemere,Wedgemere,"25 Mystic Valley Pkwy Winchester, MA 01890",No,,,,,,,Surface Lot,,,,$5.00 Meter or via http://mPay2Park.com,119,6,,0,,Town of Winchester,,www.winchester.us,For train information at Wedgemere Station tune to 1700 AM,,,,"Town of Winchester is responsible for parking lot snow removal and maintenance, and platform snow removal, cleanliness and maintenance issues. "
Wellesley Farms,Wellesley Farms,"90 Croton St Wellesley, MA 02481-3135",No,,,,,,,Surface Lot ,,,,$4.50 daily. Residents - $3.00 with Resident Parking Debit Card.,199,4,,16,,City of Wellesley,,www.wellesleyma.gov/Pages/index,For train information at Wellesley Farms Station tune to 1640 AM,,,,"City of Wellesley is responsible for parking lot snow removal, maintenance and fee collection. Please contact MBTA Customer Service regarding station and platform snow removal, cleanliness and maintenance issues."
Wellesley Hills,Wellesley Hills,"339 Washington St Wellesley, MA 02481-6201",No,,,,,,,Surface Lot ,,,,$4.50 daily. Residents - $3.00 with Resident Parking Debit Card.,51,None,,0,,City of Wellesley,,www.ci.wellesley.ma.us,,,,,"City of Wellesley is responsible for parking lot snow removal, maintenance and fee collection. Please contact MBTA Customer Service regarding station and platform snow removal, cleanliness and maintenance issues."
Wellesley Square,Wellesley Square,"1 Grove St Wellesley, MA 02482-7714",No,,,,,,,Surface Lot ,,,,$4.50 daily. Residents - $3.00 with Resident Parking Debit Card.,224,2,,0,,City of Wellesley,,www.wellesleyma.gov/Pages/index,For train information at Wellesley Square Station tune to 1640 AM,,,,"City of Wellesley is responsible for parking lot snow removal, maintenance and fee collection. Please contact MBTA Customer Service regarding station and platform snow removal, cleanliness and maintenance issues."
Wellington,place-welln,"Revere Beach Parkway (Route 16), east of Route 28, Medford, MA 02155",Yes,Up,Yes,No,Yes,No,Yes,Attended Lot ,MBTA,Rapid Transit,OrangeLine,$6.00 daily. $7 for each additional day. A new day starts at 2 am. <br />Payment Methods – Cash or Credit Card.,1316,22,<1%,16,,Republic Parking System ,(617) 222-3200,www.republicparking.com,,Wellington001.jpg,Wellington002.jpg,wellingtonmap.gif,
West Concord,West Concord,"Commonwealth Ave & Main St West Concord, MA 01742",Yes,,,,,,,Surface Lot ,,,,$4.00,146,None,20%,10,,Town of Concord,,www.concordnet.org,For train information at West Concord Station tune to 1630 AM,,,,"Town of Concord is responsible for parking fee collection and lot maintenance. Please contact MBTA Customer Service regarding station and platform snow removal, cleanliness and maintenance issues."
West Gloucester,West Gloucester,"290 Essex Ave Gloucester, MA 01930-2350",Yes,,,,,,,Unattended Lot ,MBTA,Commuter Rail,Newburyport/Rockport,$4.00,44,1,78%,7,,Republic Parking System ,(617) 222-3200,www.republicparking.com,,,,,
West Hingham,West Hingham,"20 Fort Hill Rd, Hingham, MA 02043",Yes,,,,,,,Unattended Lot ,MBTA,Commuter Rail,Greenbush,$4.00,214,7,50%,,,Republic Parking System ,(617) 222-3200,www.republicparking.com,For train information at West Hingham Station tune to 1630 AM,,,,
West Medford,West Medford,"481 High St Medford, MA 02155-6735",No,,,,,,,Unattended Lot ,MBTA,Commuter Rail,Lowell,$5.00,34,2,<5%,0,,Republic Parking System ,(617) 222-3200,www.republicparking.com,,,,,
West Natick,West Natick,"249 W Central St Natick, MA 01760-3714,",Yes,,,,,,,Unattended Lot ,MBTA,Commuter Rail,Framingham/Worcester,$4.00,178,6,<5%,5,,Republic Parking System ,(617) 222-3200,www.republicparking.com,For train information at West Natick Station tune to 1640 AM,,,,
West Newton,West Newton,"1395 Washington St Newton, MA 02465-2003",N/A,,,,,,,Unattended Lot ,MBTA,Commuter Rail,Framingham/Worcester,$4.00,45,3,,0,,Republic Parking System ,(617) 222-3200,www.republicparking.com,,,,,
West Newton St,West Newton,,No,None,No,No,No,No,No,,,,,,,,,,,,,,,,,,
West Roxbury,West Roxbury,"450 Lagrange St West Roxbury, MA 02132-3226,",Yes,,,,,,,Unattended Lot ,MBTA,Commuter Rail,Needham ,$4.00,62,2,59%,8,,Republic Parking System ,(617) 222-3200,www.republicparking.com,For train information at West Roxbury Station tune to 1690 AM,,,,
Westborough,Westborough,"Smith Pkwy & Fisher St Westborough, MA 01581",Yes,,,,,,,Unattended Lot ,MBTA,Commuter Rail,Framingham/Worcester,4,448,8,<42%,4,,Republic Parking System ,(617) 222-3200,www.republicparking.com,For train information at Westborough Station tune to 1630 AM,,,,
Weymouth Landing/East Braintree,Weymouth Landing/ East Braintree,"121 Commercial St Weymouth,MA",Yes,,,,,,,Unattended Lot ,MBTA,Commuter Rail,Greenbush,$4.00,290,13,<50%,8,,Republic Parking System ,(617) 222-3200,www.republicparking.com,For train information at Weymouth Landing Station tune to 1630 AM,,,,
Whitman,Whitman,"383 South Ave Whitman, MA 02382-2033",Yes,,,,,,,Unattended Lot ,MBTA,Commuter Rail,Kingston/Plymouth,$4.00,208,7,<48%,8,,Republic Parking System ,(617) 222-3200,www.republicparking.com,For train information at Whitman Station tune to 1630 AM,,,,
Wickford Junction,Wickford Junction,"1011 Ten Rod Road, North Kingstown, RI",,,,,,,,,,,,Free,1100,,,20,,ProPark,401-295-9900,,,,,,
Wilmington,Wilmington,"405 Main St Wilmington, MA 01887-3630",Yes,,,,,,,Unattended Lot ,MBTA,Commuter Rail,Lowell,$4.00,191,7,<5%,0,,Republic Parking System ,(617) 222-3200,www.republicparking.com,For train information at Wilmington Station tune to 1630 AM,,,,
Winchester Center,Winchester Center,"29 Waterfield Rd Winchester, MA 01890",No,,,,,,, Surface Lot ,,,,Town Permit,237,2,,27,,Town of Winchester,,www.winchester.us,For train information at Winchester Station tune to 1630 AM,,,,"Town of Winchester is responsible for parking lot snow removal and maintenance. Please contact MBTA Customer Service regarding station and platform snow removal, cleanliness and maintenance issues."
Windsor Gardens,Windsor Gardens,"Buckminster Drive Norwood, MA 02062-3525",No,,,,,,,,,,,,,None,,0,,,,,,,,,
Wollaston,place-wlsta,"Newport Avenue at Beale Street or Cleveland Street off Hancock Street, Quincy.",No,Up,No,No,No,No,No,Attended Lot ,MBTA,Rapid Transit,RedLine ,$5.00,534,11,<1%,88,,Republic Parking System ,(617) 222-3200,www.republicparking.com,,wollastonphoto.gif,,wollastonmap.gif,
Wonderland,place-wondl,"1300 North Shore (Route 1A), opposite Dog Track, Revere.",Yes,None,Yes,No,No,No,Yes,Attended Lot ,MBTA,Rapid Transit,BlueLine,"$5.00 for first 14h, $12.00 after, and $12.00 each add. day at Garage. $5.00 daily at lot(Rt.1A)",1955,43,<15%,24,,Republic Parking System ,(617) 222-3200,www.republicparking.com,,Wonderland001.jpg,Wonderland002.jpg,wonderlandmap.gif,
Wood Island,place-wimnl,"450 Bennington Street, north of Route 1A, East Boston.",Yes,Up,Yes,No,Yes,No,No,,,,,,,None,,10,,,,,,Wood Island001.jpg,Wood Island002.jpg,woodislandmap.gif,
Woodland,place-woodl,"1940 Washington Street, Newton, MA 02466",Yes,None,No,No,No,Yes,No,Garage,MBTA,Rapid Transit,GreenLine_D,$6.00/day. Overnight parking is $7 for each additional day.  - Credit Cards Accepted,548,11,<28%,16,,Republic Parking System ,(617) 222-3200,www.republicparking.com,,,,woodlandmap.gif,
Worcester Square,Worcester,"Washington St at Worcester Square, Boston",Yes,None,No,No,No,No,No,,,,,,,None,,2,,,,,,,,,
Worcester/Union,Worcester,"2 Washington Sq. Worcester, MA 01608",Yes,,,,,,,Garage,,,,"max $8.25 per day (5:00AM to 3:00AM), $5.00 additional overnight- cash and credit cards accepted",500,9,200+,5,,City of Worcester,(508) 929-1300 x4156,www.ci.worcester.ma.us,,,,,"City of Worcester is responsible for parking garage snow removal, maintenance and fee collection; and station and platform snow removal, cleanliness and maintenance issues. Garage is open 24 hours. City of Worcester offers additional parking (150 spaces) at $3.00/per day at nearby open lots."
World Trade Center,place-wtcst,"Congress Street at C St. / World Trade Center Avenue, South Boston Waterfront. ",Yes,Up,No,No,Yes,No,No,,,,,,,None,,0,,,,,,,,,
Wyoming Hill,Wyoming Hill,"40 W Wyoming Ave Melrose, MA 02176-4626",No,,,,,,,Off Street ,,,,$3.00,30,1,,0,,City of Melrose,,www.cityofmelrose.org,,,,,Payment is credit and debit only - $3 from 6-12 weekdays all other time is free.Melrose DPW handles snow removal - phone number is 781-665-0142
Yawkey,Yawkey,"85 Brookline Ave Boston, MA 02215-3908",Yes Inbound only,,,,,,,,,,,N/A,None,None,,0,,,,,,,,,